{"test_2": 12.550000000000043, "tutorial": 10.000000000000007, "test_1": 10.000000000000007}