{"test_2": 2.3999999999999995, "tutorial": 2.799999999999998, "test_1": 4.199999999999993, "big_crossway": 59.349999999998765, "prone_to_destruction": 10.000000000000007}
