{"familiar_friend": 8.899999999999991, "multiconcentration": 10.650000000000016, "euler_squares": 25.00000000000022}