{"test_2": 12.550000000000043, "tutorial": 4.199999999999993, "test_1": 10.000000000000007}