{"test_2": 2.3999999999999995, "tutorial": 4.199999999999993, "test_1": 10.000000000000007}