{"test_2": 15.700000000000088, "tutorial": 2.799999999999998, "test_1": 12.550000000000043, "big_crossway": 59.349999999998765, "prone_to_destruction": 35.050000000000146, "switchers": 1.950000000000001, "multiconcentration": 30.00000000000029}