{"just_a_railway": 10.000000000000007, "prone_to_destruction": 25.00000000000022, "euler_squares": 5.599999999999988}